{
  "size_reduction": {
    "original_size_mb": 0.05023193359375,
    "quantized_size_mb": 0.02087879180908203,
    "reduction_percent": 58.43522174969623
  },
  "performance": {
    "original": {
      "mean_ms": 0.08841967299999931,
      "std_ms": 0.02128163260757995,
      "min_ms": 0.08504199999992412,
      "max_ms": 0.7448749999999782,
      "median_ms": 0.08720800000006079,
      "p95_ms": 0.08996309999997343,
      "p99_ms": 0.10129199999997507,
      "throughput_samples_per_sec": 1130970.0274508002
    },
    "quantized": {
      "mean_ms": 0.0951677060000038,
      "std_ms": 0.030150331446956648,
      "min_ms": 0.09054199999991575,
      "max_ms": 0.7470419999999756,
      "median_ms": 0.09162500000003959,
      "p95_ms": 0.0952520999999873,
      "p99_ms": 0.19734199999998198,
      "throughput_samples_per_sec": 1050776.615336257
    },
    "speedup": 0.9290932472407792
  },
  "accuracy": {
    "mae": 0.0011304643703624606,
    "mse": 1.8302902390132658e-05,
    "max_diff": 0.04572737216949463,
    "correlation": 0.9998266941123285
  }
}