{
  "pytorch_mean_ms": 0.17320812299999755,
  "pytorch_std_ms": 0.02375951473700059,
  "onnx_mean_ms": 0.08723038699999663,
  "onnx_std_ms": 0.002513699341455149,
  "speedup": 1.9856397404267419,
  "n_runs": 1000
}